temp,humidity,wind,pressure,rain,aqi,label
28.78,86.16,40.51,1004.91,163.39,215.11,flood
35.32,20.59,38.01,968.29,143.03,110.89,cyclone
21.81,61.32,12.85,966.87,194.81,73.53,normal
21.21,71.11,2.89,973.02,101.11,167.16,normal
35.19,41.46,38.78,1021.3,1.25,282.99,pollution
42.18,41.66,32.65,1021.21,184.0,54.76,normal
45.0,28.52,37.75,964.83,34.01,164.82,cyclone
26.07,40.75,22.44,1006.2,99.58,20.38,normal
36.46,62.14,32.48,966.64,84.9,109.27,cyclone
29.6,83.36,16.04,965.39,185.64,227.12,flood
23.1,61.62,47.28,958.96,13.28,69.29,cyclone
21.08,32.49,46.25,1011.72,178.59,262.67,pollution
21.24,25.24,21.18,1002.95,54.17,164.69,normal
44.15,75.47,36.93,1022.1,171.77,144.26,normal
25.06,59.32,33.81,1003.37,131.44,182.04,pollution
38.75,27.67,46.14,965.81,32.93,128.16,cyclone
38.61,35.34,33.89,968.79,80.9,29.4,cyclone
44.76,55.66,9.3,983.36,116.86,174.77,normal
20.34,56.7,40.33,1024.4,179.54,190.75,pollution
26.38,23.94,43.39,967.12,175.09,247.65,cyclone
28.83,58.49,20.37,962.62,82.61,252.24,pollution
44.31,72.58,26.21,987.71,131.02,133.98,normal
40.17,85.97,38.39,1021.05,71.42,210.87,pollution
31.36,55.67,38.28,973.52,3.61,98.46,cyclone
22.97,49.36,21.37,1016.99,85.58,160.62,normal
30.41,99.94,12.72,993.65,25.86,66.69,normal
30.21,33.77,6.23,988.12,196.93,142.24,normal
36.71,29.79,18.83,977.93,57.32,209.47,pollution
31.55,67.33,41.48,1013.65,98.3,47.62,normal
23.7,75.2,14.39,1017.17,96.04,148.37,normal
32.12,50.23,10.16,1008.55,93.68,132.77,normal
39.4,95.3,17.81,982.95,126.76,42.92,flood
33.76,71.95,5.61,984.64,70.54,226.57,pollution
37.78,82.16,43.91,1010.61,69.7,63.26,normal
33.81,92.22,33.4,957.19,101.01,171.72,cyclone
34.22,59.2,27.0,998.04,28.88,169.6,normal
38.19,98.97,13.52,967.66,85.84,22.56,normal
26.91,54.52,32.28,974.48,62.94,92.94,cyclone
40.59,49.73,27.41,1023.9,187.41,260.24,pollution
28.28,76.55,24.41,970.48,191.0,229.48,pollution
37.66,20.23,7.97,995.77,51.82,261.49,pollution
32.82,24.75,36.27,975.07,165.31,265.5,cyclone
38.97,82.99,23.23,1024.23,23.1,82.93,normal
43.6,75.15,11.56,971.7,143.94,40.22,normal
35.75,59.84,18.78,1015.48,3.11,269.13,pollution
27.92,91.88,14.87,1015.26,132.37,170.54,flood
23.73,87.05,35.81,989.96,142.52,229.58,flood
38.8,22.01,10.29,975.51,68.28,34.4,normal
29.65,21.06,39.99,964.61,192.22,208.16,cyclone
42.64,80.31,43.39,956.85,27.96,298.9,cyclone
30.37,84.49,49.24,1019.71,174.09,33.25,flood
29.65,53.53,35.57,980.26,41.13,84.2,cyclone
37.78,57.96,32.98,1017.26,103.05,55.26,normal
42.87,50.64,30.44,975.19,145.53,255.72,cyclone
25.32,87.81,11.93,956.49,76.75,221.36,pollution
24.22,85.11,30.09,975.05,142.04,95.85,flood
21.93,92.88,27.59,963.0,164.77,59.1,flood
38.93,54.52,49.15,964.24,112.28,299.12,cyclone
31.78,50.59,38.17,986.25,104.01,28.23,cyclone
31.29,68.5,20.0,954.69,81.02,236.86,pollution
26.32,91.83,43.8,994.62,1.59,208.98,pollution
41.22,82.63,46.34,1000.58,162.65,289.68,flood
30.75,55.29,21.04,963.78,45.78,25.11,normal
36.32,40.22,46.9,969.9,128.52,145.71,cyclone
34.99,70.86,42.86,998.87,196.38,36.51,normal
20.32,97.36,38.58,996.66,61.57,181.46,pollution
42.65,65.94,7.55,977.27,38.34,39.8,normal
43.14,94.67,13.56,1019.05,12.58,135.08,normal
28.43,93.79,35.68,965.78,32.54,297.08,cyclone
40.24,22.13,21.41,1008.73,181.24,69.35,wildfire
32.05,97.06,3.08,1023.55,153.84,204.21,flood
35.0,89.41,39.41,992.39,37.17,274.0,pollution
35.14,72.27,49.95,968.14,126.6,268.16,cyclone
29.93,51.19,32.74,966.02,197.39,90.54,cyclone
39.8,58.88,42.2,964.45,89.82,262.78,cyclone
22.27,39.98,34.86,1018.87,86.23,283.65,pollution
43.71,70.17,11.35,982.82,173.88,183.6,pollution
21.82,78.91,0.83,960.43,75.21,222.41,pollution
43.34,80.27,20.79,1010.04,44.02,65.64,normal
30.26,30.75,23.8,967.18,36.16,207.86,pollution
43.96,22.83,42.79,1008.23,140.34,82.97,wildfire
25.9,90.26,34.9,967.06,103.15,86.92,cyclone
24.34,80.11,43.25,963.88,141.47,132.66,flood
24.41,59.95,40.58,955.91,123.9,286.36,cyclone
25.05,61.45,9.11,988.46,155.73,257.32,pollution
33.47,53.0,33.33,995.5,43.06,214.47,pollution
34.56,90.33,3.93,1007.0,125.34,276.67,flood
23.67,93.07,37.3,952.52,120.98,149.55,flood
42.14,58.67,33.54,963.21,105.95,276.88,cyclone
21.77,62.1,25.04,1023.5,17.56,265.97,pollution
21.74,57.67,14.81,966.26,26.05,96.99,normal
33.65,39.03,41.34,982.52,156.71,246.76,cyclone
21.47,35.14,16.12,972.65,74.63,59.87,normal
42.61,80.23,49.21,957.58,63.63,72.57,cyclone
32.97,80.68,3.41,1007.22,142.04,266.19,flood
35.61,71.39,28.22,1000.36,105.67,206.02,pollution
27.92,53.87,49.19,1016.9,76.7,197.92,pollution
44.52,98.03,26.68,972.96,154.63,233.2,flood
26.97,79.32,28.93,1009.58,49.17,38.06,normal
28.29,52.26,1.01,985.52,122.23,214.53,pollution
32.9,52.58,33.39,1014.02,76.97,271.22,pollution
32.36,93.98,7.45,954.69,156.42,159.12,flood
25.61,93.21,3.97,992.81,0.11,140.48,normal
44.01,34.2,27.8,1016.62,126.63,172.78,normal
25.77,80.1,7.85,950.14,146.87,161.14,flood
31.03,24.92,4.87,963.83,53.84,127.33,normal
21.26,23.4,9.62,1016.26,182.93,229.3,pollution
26.58,62.68,4.64,993.06,165.72,234.79,pollution
30.12,89.78,21.8,957.87,21.19,264.89,pollution
30.37,56.62,27.59,991.75,69.1,195.19,pollution
31.81,33.9,43.33,1003.6,151.79,124.03,normal
34.01,41.0,28.53,982.32,158.61,177.61,normal
22.85,80.34,22.87,953.4,56.34,47.59,normal
21.14,96.9,3.96,993.29,15.14,143.2,normal
41.25,80.42,9.08,956.35,124.77,201.62,flood
27.08,80.58,47.77,964.6,111.75,39.95,cyclone
40.9,69.07,11.22,979.09,185.61,127.31,normal
26.7,37.06,12.1,987.7,187.93,206.68,pollution
38.4,93.93,24.64,972.46,166.74,49.4,flood
31.48,51.68,24.54,954.8,89.97,92.11,normal
23.63,55.65,7.31,967.86,126.61,262.71,pollution
33.07,97.05,44.55,1006.48,35.83,151.86,normal
26.36,50.07,31.04,971.67,192.61,123.03,cyclone
32.17,65.35,40.19,988.27,196.84,135.91,cyclone
27.22,56.2,19.59,957.12,105.66,96.04,normal
42.5,35.48,21.57,953.94,110.06,129.49,normal
21.04,28.61,0.04,1020.6,140.71,275.62,pollution
39.51,83.66,30.67,978.16,198.1,170.05,flood
20.41,98.42,5.15,969.87,194.32,231.9,flood
24.61,29.09,35.49,975.41,138.35,77.45,cyclone
39.54,62.36,3.33,950.42,4.91,297.57,pollution
37.17,55.78,20.26,1005.75,180.71,77.32,normal
27.93,49.5,3.37,975.31,92.16,276.52,pollution
22.6,74.96,15.45,960.8,60.48,222.0,pollution
38.7,68.34,37.96,957.52,197.96,181.12,cyclone
42.01,76.35,3.06,987.4,180.79,95.01,normal
27.75,79.44,3.16,961.79,193.52,84.5,normal
25.82,21.44,35.35,951.15,116.21,74.03,cyclone
40.16,71.88,23.91,995.52,91.81,270.14,pollution
39.73,42.11,28.97,951.16,197.71,27.77,normal
39.91,37.63,32.82,997.3,60.17,72.66,normal
43.47,31.9,12.83,1009.95,18.03,283.62,pollution
21.45,77.86,37.18,1018.48,25.49,230.77,pollution
33.11,57.88,10.38,1001.39,113.05,237.82,pollution
32.11,24.54,10.04,996.94,28.92,226.26,pollution
35.52,24.3,48.59,965.35,179.26,62.45,cyclone
27.39,27.98,18.62,983.08,39.96,94.62,normal
20.83,78.83,29.17,961.3,66.9,146.57,normal
29.81,59.73,17.7,980.57,131.48,213.77,pollution
31.44,24.97,47.22,986.98,155.23,150.71,cyclone
43.91,69.2,25.12,970.27,1.91,102.72,normal
24.25,66.11,14.47,1001.99,16.42,272.64,pollution
28.26,92.91,9.49,996.11,5.92,144.87,normal
39.31,84.15,25.85,989.44,148.9,188.93,flood
31.78,37.56,49.52,973.77,97.11,243.1,cyclone
39.15,39.0,8.59,972.36,197.25,37.36,normal
42.06,60.7,25.54,997.73,122.81,178.07,normal
31.58,93.03,36.6,956.5,131.06,277.47,flood
24.04,97.06,12.18,988.59,38.02,53.29,normal
43.44,48.26,31.69,952.5,159.01,207.22,cyclone
30.91,91.0,42.24,988.2,106.13,293.92,cyclone
30.42,26.35,27.52,975.92,64.06,75.93,normal
20.86,81.26,45.01,972.31,103.46,105.3,cyclone
33.26,33.37,45.83,973.16,168.53,47.75,cyclone
20.25,34.17,18.87,1022.99,85.58,70.4,normal
20.42,93.03,27.0,981.19,7.83,71.5,normal
40.85,28.66,5.13,1017.22,165.99,205.85,wildfire
21.67,59.36,37.29,968.23,160.59,172.89,cyclone
31.74,45.2,8.83,957.92,43.42,206.92,pollution
25.7,86.44,45.32,1010.42,93.1,150.1,normal
38.78,88.55,48.89,980.19,7.13,250.9,cyclone
26.58,84.79,13.17,1017.07,68.41,124.66,normal
24.4,52.39,9.99,983.59,36.37,200.5,pollution
33.59,81.39,22.14,1007.85,151.48,85.35,flood
38.39,74.81,33.58,993.75,16.37,177.27,normal
32.94,63.07,46.31,967.91,165.82,130.37,cyclone
34.29,52.92,0.23,955.11,98.98,39.55,normal
23.89,60.59,36.49,987.74,77.02,42.59,cyclone
25.96,70.82,26.73,972.41,185.24,115.16,normal
42.5,88.44,8.37,971.3,143.62,95.43,flood
21.74,77.25,5.39,1015.03,86.53,207.06,pollution
27.79,63.98,0.59,1012.99,96.42,24.03,normal
30.42,30.74,19.35,1022.97,135.87,89.24,normal
36.73,74.49,22.79,954.54,45.39,191.0,pollution
43.26,95.46,47.2,992.58,61.79,147.6,normal
26.52,84.8,49.72,987.04,79.53,299.55,cyclone
34.11,68.95,12.09,975.06,16.55,69.4,normal
36.45,98.82,3.84,1011.3,167.66,40.81,flood
43.57,65.77,3.92,970.14,81.11,271.69,pollution
25.28,34.5,43.49,1024.5,127.58,94.72,normal
31.93,26.79,8.25,997.11,32.62,69.85,normal
37.08,50.43,6.5,966.15,78.48,128.86,normal
36.04,80.79,11.36,1018.39,150.58,254.12,flood
38.49,34.52,47.27,970.56,45.83,188.01,cyclone
23.53,31.07,31.58,950.8,117.91,179.93,cyclone
38.34,42.94,0.79,1015.58,94.44,129.09,normal
20.5,44.21,49.94,1005.26,181.24,186.53,pollution
27.85,66.59,46.86,972.42,86.57,198.97,cyclone
29.54,34.58,4.28,1004.96,127.4,220.16,pollution
28.92,69.49,0.41,976.81,48.68,149.88,normal
24.2,84.04,32.93,986.56,179.16,217.83,flood
30.47,38.52,47.24,972.16,116.31,191.35,cyclone
35.33,43.14,19.09,1022.83,143.59,88.18,normal
39.49,35.45,25.31,996.84,43.95,157.09,normal
21.46,58.89,17.22,997.99,187.54,228.14,pollution
23.99,57.12,38.36,1000.98,148.73,143.63,normal
29.94,73.49,4.37,980.67,190.84,295.65,pollution
20.87,36.71,33.67,993.61,102.82,81.17,normal
42.0,51.27,36.5,995.54,190.6,100.61,normal
34.45,68.12,27.78,1004.22,193.87,199.82,pollution
31.02,32.94,37.93,983.01,26.15,43.7,cyclone
25.35,69.85,36.58,978.39,145.99,48.68,cyclone
22.11,95.56,16.71,1018.94,31.49,63.39,normal
23.33,87.96,7.76,1016.96,66.95,77.07,normal
29.59,67.78,12.1,1020.42,136.91,169.08,normal
24.67,45.83,41.17,981.47,155.31,203.86,cyclone
41.45,50.26,28.5,981.6,124.87,235.8,pollution
38.53,69.69,17.62,996.84,187.19,188.93,pollution
41.66,29.97,3.57,974.41,23.31,128.24,wildfire
21.92,86.76,24.33,1023.11,160.62,235.17,flood
30.39,22.12,15.72,982.14,172.46,137.52,normal
32.62,97.65,21.6,979.21,23.38,191.67,pollution
41.01,80.22,17.92,977.67,63.6,184.86,pollution
21.42,81.19,46.59,1004.46,89.18,89.13,normal
42.14,42.31,2.65,952.89,12.02,122.74,normal
44.4,85.89,1.41,1004.41,74.17,148.96,normal
26.54,94.3,6.34,999.75,34.5,164.34,normal
33.61,43.09,38.45,1006.83,116.03,279.27,pollution
34.33,60.83,4.62,977.0,124.49,260.52,pollution
38.4,97.71,45.7,998.73,40.52,188.6,pollution
31.5,73.45,8.65,972.05,50.76,45.69,normal
23.41,40.29,29.02,974.61,9.73,153.62,normal
29.97,82.18,13.23,994.61,108.54,50.37,normal
21.1,21.47,12.75,952.49,161.59,217.84,pollution
41.38,54.54,22.61,955.18,154.41,68.08,normal
25.25,30.76,43.33,973.86,19.75,83.76,cyclone
36.24,33.11,45.22,964.05,187.05,222.91,cyclone
27.37,53.71,35.65,981.06,4.88,179.85,cyclone
39.48,98.0,40.51,976.94,83.42,283.99,cyclone
33.35,23.49,29.59,960.13,118.98,73.54,normal
23.36,46.0,1.05,1002.0,27.89,215.27,pollution
20.91,41.61,35.11,1003.49,109.12,138.19,normal
43.12,50.74,11.27,959.7,57.9,256.23,pollution
41.21,45.91,49.93,1014.68,22.26,179.92,normal
37.78,32.39,34.7,1005.87,63.49,63.57,normal
32.23,27.74,44.65,971.35,3.18,261.98,cyclone
38.87,53.64,26.94,990.87,68.49,243.22,pollution
44.79,41.86,33.88,960.97,58.97,69.96,cyclone
28.47,88.85,28.32,952.63,106.14,48.8,normal
29.0,73.7,10.17,974.57,108.06,264.64,pollution
31.54,73.6,0.37,973.16,47.72,105.16,normal
42.9,76.24,31.5,1017.01,162.99,86.85,normal
28.55,73.62,0.27,982.98,189.18,271.26,pollution
20.36,82.51,39.02,1007.94,47.66,198.08,pollution
30.41,84.33,30.49,983.19,0.79,259.19,cyclone
28.51,63.77,5.81,988.49,18.33,191.18,pollution
38.58,65.57,1.07,977.86,45.3,263.19,pollution
43.69,78.96,31.81,974.2,16.5,264.4,cyclone
29.26,96.04,38.46,953.16,77.08,162.19,cyclone
36.21,58.1,5.96,1020.58,33.39,249.77,pollution
44.62,68.6,47.63,994.02,20.44,201.06,pollution
27.02,87.22,2.95,1019.23,81.02,180.89,pollution
22.16,43.42,17.14,1013.57,83.96,142.02,normal
43.95,29.64,33.71,952.82,82.65,169.86,cyclone
28.43,67.86,13.51,981.62,161.28,120.42,normal
43.33,38.09,42.26,975.65,153.27,61.34,cyclone
39.0,83.96,8.6,1008.96,40.59,276.26,pollution
41.29,95.26,21.1,1016.53,31.21,40.11,normal
44.5,96.39,10.37,993.11,105.19,146.92,normal
22.75,38.41,25.51,962.84,70.87,113.78,normal
30.57,66.16,33.88,991.9,197.93,59.61,normal
30.0,74.74,33.36,990.08,40.66,217.54,pollution
21.64,80.89,35.37,1007.26,80.63,174.53,normal
24.07,48.34,43.26,1010.13,80.2,102.06,normal
33.03,77.27,43.73,964.68,156.77,21.5,cyclone
34.92,56.35,21.85,950.17,171.19,118.96,normal
38.28,37.61,16.76,992.23,8.16,221.89,pollution
28.14,87.07,30.21,977.69,159.91,164.75,flood
31.69,79.48,34.33,987.47,153.72,240.36,cyclone
40.5,59.24,32.35,975.22,176.29,240.85,cyclone
23.74,89.88,44.25,992.44,174.24,91.36,flood
43.27,94.56,19.13,1011.59,196.91,275.55,flood
41.43,95.0,3.71,952.83,192.93,199.35,flood
36.15,22.04,29.39,953.43,46.28,175.55,normal
28.32,79.19,0.33,989.88,33.6,154.55,normal
31.25,42.24,22.92,1003.21,58.64,197.48,pollution
21.8,31.06,14.31,1001.94,84.23,257.61,pollution
27.2,41.62,32.84,1007.87,155.26,286.99,pollution
39.02,35.35,25.79,1012.34,159.67,96.15,normal
22.44,31.04,5.64,980.72,157.33,48.28,normal
23.42,82.65,31.61,984.43,74.96,205.01,cyclone
34.43,40.01,27.16,950.61,160.74,20.33,normal
39.71,92.16,45.92,1003.5,123.21,81.43,flood
26.37,64.29,21.05,984.83,100.49,191.73,pollution
24.2,49.05,0.26,954.71,104.97,136.85,normal
33.04,95.13,7.33,988.06,31.36,94.56,normal
28.77,95.89,31.82,1018.18,82.62,109.56,normal
33.74,68.82,41.2,1008.51,192.93,204.91,pollution
39.0,90.86,12.08,975.67,178.63,134.86,flood
25.87,54.35,38.5,1008.25,30.2,197.29,pollution
27.18,90.26,23.62,1022.77,134.47,272.09,flood
22.48,79.86,11.24,974.9,157.5,109.92,normal
43.56,87.91,14.35,992.58,146.13,203.89,flood
36.41,20.14,13.09,1003.57,52.51,75.36,normal
36.5,23.31,41.06,980.94,51.76,294.57,cyclone
25.27,48.79,25.32,951.65,149.97,235.94,pollution
30.91,82.81,5.52,968.03,151.52,47.53,flood
32.41,48.69,47.23,969.19,116.23,190.13,cyclone
39.25,20.02,7.79,952.34,41.92,66.92,normal
31.07,53.56,36.57,989.84,162.5,49.64,cyclone
43.98,59.5,46.88,955.73,75.9,97.25,cyclone
39.77,88.08,4.16,1014.11,177.84,83.09,flood
39.24,91.93,2.03,985.61,179.98,191.87,flood
41.79,78.04,41.61,1017.2,60.38,237.72,pollution
27.03,79.81,38.82,1008.72,103.23,189.06,pollution
44.15,67.31,4.27,965.41,195.64,79.62,normal
34.0,99.89,48.35,1012.46,10.35,229.59,pollution
28.93,35.41,36.47,979.37,155.98,100.63,cyclone
38.81,62.08,24.99,950.81,7.63,41.68,normal
24.67,80.18,5.58,979.33,116.44,132.11,normal
21.06,26.26,24.7,988.18,154.75,258.41,pollution
39.08,33.45,18.28,1006.68,197.36,253.57,pollution
25.09,53.73,11.94,1010.97,150.6,127.53,normal
36.72,60.87,26.43,985.03,156.61,273.07,pollution
30.45,41.11,24.35,1016.54,154.15,183.1,pollution
39.94,49.49,1.17,978.85,198.27,139.57,normal
23.78,26.76,23.77,1001.18,82.17,293.72,pollution
41.22,24.46,4.87,1024.54,173.25,242.59,wildfire
20.64,92.78,20.43,1005.28,131.35,126.04,flood
33.21,90.32,5.04,978.14,165.8,259.51,flood
23.32,33.52,31.57,970.53,75.48,115.29,cyclone
32.17,53.05,25.03,1016.2,177.37,284.28,pollution
43.89,52.45,26.76,997.31,153.64,115.97,normal
20.73,33.07,18.3,1022.26,74.1,55.55,normal
41.23,23.79,13.72,1000.84,178.04,244.69,wildfire
35.66,74.44,39.17,975.03,87.98,88.54,cyclone
39.76,79.95,9.04,961.82,120.33,220.29,pollution
27.57,99.77,40.95,993.81,197.44,102.66,flood
27.97,59.2,21.18,1015.9,72.36,277.31,pollution
27.81,67.7,38.55,966.02,75.73,39.68,cyclone
20.68,79.55,2.12,1021.64,109.06,142.57,normal
33.67,44.65,29.18,966.49,114.22,262.43,pollution
28.27,95.39,34.03,968.22,158.16,227.91,flood
31.26,74.62,16.39,999.79,194.38,264.3,pollution
31.89,20.78,22.17,996.13,149.28,183.97,pollution
23.0,58.99,41.75,1015.99,166.73,82.26,normal
35.31,49.82,14.71,999.95,169.92,218.54,pollution
21.95,59.79,44.89,1024.66,171.54,162.28,normal
20.39,90.62,16.01,968.41,147.38,38.14,flood
25.45,83.37,45.41,954.5,152.21,41.07,flood
27.78,73.95,2.58,1000.35,27.92,84.17,normal
24.66,93.22,38.07,954.39,111.46,213.42,cyclone
40.59,56.01,3.22,962.67,87.73,221.98,pollution
31.88,86.32,42.81,983.87,172.36,223.26,flood
28.64,51.93,4.58,972.8,79.85,92.41,normal
42.05,35.54,8.89,960.23,7.24,91.38,normal
23.32,93.54,18.82,960.7,91.02,91.55,normal
34.12,76.03,43.44,985.43,99.37,147.84,cyclone
36.6,25.25,7.33,974.9,159.92,230.88,pollution
34.51,27.08,20.53,967.25,126.66,178.23,normal
28.75,84.59,32.46,971.32,115.72,270.73,cyclone
20.44,75.03,27.17,983.33,23.51,227.06,pollution
26.91,69.47,29.68,1009.06,178.21,183.28,pollution
23.67,20.81,18.5,1023.35,119.23,249.98,pollution
34.53,67.02,13.09,962.56,111.69,197.16,pollution
42.17,77.94,4.98,993.3,57.34,178.36,normal
26.17,79.75,3.87,962.18,108.76,107.59,normal
29.61,61.94,11.18,965.46,10.22,79.04,normal
27.36,79.8,1.88,1003.06,138.26,256.85,pollution
24.36,65.75,10.73,954.65,76.7,84.89,normal
43.98,66.53,32.51,992.51,143.18,97.87,normal
38.69,72.69,48.09,952.9,60.15,296.32,cyclone
44.01,82.29,37.56,995.59,180.22,68.22,flood
41.78,56.52,31.12,957.37,87.33,214.12,cyclone
36.15,56.97,41.78,999.15,165.47,280.84,pollution
40.99,97.9,30.19,991.57,95.75,47.0,normal
24.9,63.34,5.1,967.78,1.94,126.87,normal
39.74,88.19,23.08,950.39,16.69,190.64,pollution
30.67,56.23,24.37,1012.37,133.93,160.3,normal
21.34,89.5,21.45,991.8,140.9,282.57,flood
41.8,31.54,30.26,1018.4,190.32,123.29,normal
30.17,24.83,42.65,1002.54,58.46,107.43,normal
34.03,78.87,17.68,1000.09,117.23,36.47,normal
40.1,52.05,46.53,973.05,107.64,56.54,cyclone
27.14,78.1,45.04,959.66,51.61,34.3,cyclone
35.54,51.89,24.58,962.06,17.32,197.1,pollution
24.45,63.2,33.13,960.31,122.45,182.1,cyclone
42.67,67.53,11.06,954.74,154.62,214.52,pollution
32.04,64.29,24.82,984.65,5.21,297.88,pollution
34.74,69.65,10.36,998.88,132.22,204.85,pollution
24.88,20.82,42.61,986.6,99.26,136.77,cyclone
37.59,50.01,31.03,995.34,126.32,42.89,normal
42.04,89.89,3.38,1003.14,72.3,267.52,pollution
43.33,65.49,29.69,973.53,133.47,187.42,pollution
42.42,23.35,5.84,991.37,32.85,121.09,wildfire
24.68,84.78,35.49,981.01,192.02,82.59,flood
39.61,41.48,32.03,958.56,30.45,66.39,cyclone
25.93,95.8,42.87,992.67,91.52,104.54,normal
32.72,73.68,8.48,983.98,19.31,53.79,normal
38.22,23.97,13.58,990.81,112.46,214.97,pollution
31.47,21.65,33.31,956.46,154.33,52.74,cyclone
35.76,45.71,19.73,1001.5,122.27,179.96,normal
32.66,29.75,36.57,990.04,126.49,186.77,pollution
39.72,47.56,39.08,979.99,98.56,68.3,cyclone
32.32,54.62,35.42,1012.83,23.98,84.38,normal
22.6,74.53,31.99,992.0,114.8,35.14,normal
36.44,43.9,48.72,984.9,51.97,178.15,cyclone
26.59,20.45,7.87,962.12,140.8,242.51,pollution
31.85,21.36,21.45,963.29,124.08,39.27,normal
34.32,54.53,34.72,993.6,136.18,238.6,pollution
25.75,31.51,10.17,994.4,15.94,229.16,pollution
42.82,45.81,15.32,995.08,199.17,65.6,normal
20.31,78.33,6.24,965.92,23.64,201.11,pollution
31.87,60.57,38.13,1012.66,143.31,108.31,normal
37.6,84.73,41.35,965.9,6.66,121.86,cyclone
44.43,36.03,48.96,968.73,88.0,63.96,cyclone
37.99,86.51,21.25,967.86,112.82,193.17,pollution
39.14,47.37,32.83,1018.46,75.0,142.31,normal
20.22,28.33,6.72,999.03,110.5,264.57,pollution
20.91,41.07,24.41,988.48,125.63,157.9,normal
32.53,81.22,17.54,966.8,25.6,86.11,normal
27.54,81.8,9.51,1017.05,15.84,265.89,pollution
40.2,87.9,14.87,958.24,164.4,71.92,flood
44.79,80.09,18.13,1024.51,132.04,230.48,flood
36.62,31.87,45.99,950.78,155.63,295.0,cyclone
23.88,44.48,6.31,1007.08,71.69,205.84,pollution
22.72,49.03,9.1,950.04,64.16,177.46,normal
21.37,85.98,36.37,994.29,117.88,197.67,pollution
34.16,27.13,14.88,1009.26,37.87,289.28,pollution
27.63,33.49,36.9,982.63,14.02,206.48,cyclone
23.45,86.59,48.17,975.6,86.86,244.16,cyclone
30.64,95.42,27.7,995.41,171.08,90.82,flood
36.65,40.56,45.04,960.56,40.17,186.13,cyclone
40.25,77.14,21.37,986.66,37.07,231.53,pollution
38.06,33.67,14.18,985.8,97.28,186.69,pollution
22.85,60.19,44.14,953.09,106.19,139.45,cyclone
30.1,23.8,10.92,989.04,131.03,26.85,normal
44.47,64.9,49.72,963.99,41.0,290.22,cyclone
24.12,29.0,15.32,951.06,194.08,64.41,normal
30.59,52.28,41.84,959.69,175.86,46.34,cyclone
20.73,71.62,10.43,968.23,48.95,102.0,normal
42.26,43.97,22.27,1021.32,83.31,55.95,normal
34.88,57.12,4.43,1023.24,133.6,40.02,normal
31.38,64.87,21.86,994.9,63.39,150.72,normal
37.84,99.96,42.96,979.01,14.29,209.07,cyclone
41.5,47.49,47.77,1008.87,146.44,94.94,normal
24.66,47.42,4.51,976.69,94.58,217.4,pollution
40.57,54.74,48.65,951.11,46.43,151.17,cyclone
37.39,38.15,38.26,970.06,133.68,245.05,cyclone
32.93,45.49,32.98,1021.99,187.98,142.98,normal
20.35,75.16,34.92,955.09,148.01,28.84,cyclone
21.54,90.47,46.51,984.87,163.45,228.13,flood
39.73,52.49,15.56,987.62,77.12,23.94,normal
34.57,70.06,14.89,1007.58,30.8,226.48,pollution
32.27,47.49,4.7,974.78,84.58,157.88,normal
27.6,91.99,32.87,986.38,181.14,272.11,flood
21.28,89.01,15.57,951.86,132.57,166.28,flood
24.01,22.88,7.18,1001.3,80.05,244.19,pollution
36.84,86.14,1.78,991.75,97.26,181.01,pollution
30.04,72.55,22.86,963.28,65.02,206.19,pollution
44.28,60.51,2.13,988.26,134.34,190.87,pollution
22.88,41.07,48.33,995.59,55.24,207.13,pollution
21.77,95.55,44.66,1009.34,13.84,274.05,pollution
43.92,46.04,46.2,981.88,126.42,132.73,cyclone
41.72,91.17,49.09,986.31,131.93,229.21,flood
31.63,39.64,14.53,975.81,139.68,149.46,normal
25.35,42.69,29.02,995.81,176.65,234.58,pollution
39.87,73.22,2.84,1018.71,97.25,188.34,pollution
33.28,89.59,43.25,963.04,92.26,192.76,cyclone
22.83,30.91,7.19,986.58,16.51,95.9,normal
22.23,26.82,1.04,1021.82,144.79,136.1,normal
31.26,36.69,28.39,983.56,74.34,102.4,normal
42.49,21.42,1.69,981.15,162.85,160.98,wildfire
44.86,83.54,31.46,1021.51,175.95,49.84,flood
20.18,64.11,34.53,1013.85,66.42,281.53,pollution
31.21,25.37,49.95,992.51,74.52,153.64,normal
34.1,57.82,41.06,974.98,70.92,227.69,cyclone
32.57,29.27,42.59,975.46,75.68,160.31,cyclone
23.6,39.36,35.96,1007.88,107.33,104.29,normal
27.03,51.46,22.71,972.43,142.63,167.77,normal
33.26,55.06,34.93,984.81,4.19,244.38,cyclone
36.98,59.56,48.77,991.23,173.42,264.54,pollution
33.7,70.24,24.62,962.2,110.43,287.09,pollution
26.09,64.6,39.32,1024.64,99.82,165.2,normal
25.66,28.95,49.42,973.98,152.04,42.36,cyclone
23.22,24.8,38.88,1022.1,37.93,73.54,normal
42.19,94.82,1.35,970.6,167.46,128.2,flood
34.85,87.86,32.94,1006.53,189.92,117.14,flood
25.27,34.58,16.64,953.94,98.32,148.83,normal
34.05,30.97,10.81,1022.88,99.18,139.97,normal
27.84,20.9,16.21,962.94,101.56,272.49,pollution
44.8,52.45,28.2,985.65,24.97,34.4,normal
21.9,61.93,32.7,960.13,163.98,131.02,cyclone
38.71,69.71,42.9,1016.34,191.44,136.39,normal
35.31,79.24,19.07,956.86,0.23,286.16,pollution
31.08,87.31,29.14,980.9,174.67,243.22,flood
24.97,51.37,44.47,972.3,161.42,112.28,cyclone
25.09,55.79,24.8,1005.73,74.08,204.99,pollution
23.94,33.24,2.98,956.55,19.5,177.22,normal
34.36,61.26,38.74,991.14,48.07,214.77,pollution
